Phrase,class,phrase
,1,interested space
,1,light passion mine exhibition caixa museum cover
could i get two tickets,0,nan
,1,love think environment
six tickets for next Tuesday please,0,nan
,3,seen town change town city
four tickets for May 30,0,nan
,3,involved ' s going cost u long run
,1,like brazil
,3,put special program actually held back fourth grade
,3,like watching lot like college basketball
,3,n ' t know sir seems like trying get every way
six tickets for the universe room exhibition,0,nan
,1,think planet fascinating
,1,love mar exhibition go
,1,related brain
,4,good see
,1,love landscape
,3,least back hillside wild animal think probably justify
,3,n ' t know get signal
,4,call jacen
,3,seem fall short really creative lot thing mean
,2,see sustainable building next weekend
,4,name christyna
,2,see antarctic base monday
,3,especially kid n ' t let watch
,1,would like learn photographer
,1,show exhibit evolution
,1,show stuff biodiversity
,1,discussing forest one favourite thing
i want tickets for the museum,0,nan
,1,would like learn universe
six tickets for the exhibition on sun,0,nan
,1,like mar
,1,discussing south america one favourite thing
,1,interested erosion
,4,
i want to buy tickets for the antarctic base exhibition,0,nan
,1,want learn ecology exhibition recommend
a ticket for the universe room exhibition,0,nan
three tickets for 19 Aug please,0,nan
i want to buy six tickets for the exhibition on sustainability,0,nan
,2,next tuesday
,1,exhibition photographer
five tickets for this Monday,0,nan
,1,think evolution fascinating
one ticket for the sustainable building exhibition,0,nan
,2,see sustainable building oct 10
i want to buy a ticket for Monday,0,nan
i want to buy four tickets for the sustainable building exhibition,0,nan
,3,g - freedom expression speech
,1,like discus mar
,3,home would read play
,1,show stuff landscape
,2,see antarctic base 12 jul
,2,see universe room tuesday
,2,see antarctic base 22 dec
,1,sun interesting
,3,well talked one kuwaiti woman yesterday
,1,photographer fascinates
,2,see universe room may 13
,3,end n ' t married long know
,3,whenever something look like something else
,1,mar fascinates
,2,see universe room 09 sep
,1,want learn temperature exhibition recommend
,4,happening
,2,visiting museum weekend part museum see
,1,would like learn matter
,2,museum open next monday
,2,exhibition plant
could i please get five tickets,0,nan
i'd like to get a ticket,0,nan
,1,discussing gravity one favourite thing
four tickets for Jul 06 please,0,nan
,1,love erosion
,1,like rock
,1,like architecture
i want to buy tickets for this Tuesday,0,nan
six tickets for Nov 29 please,0,nan
six tickets for 16 Jan,0,nan
,1,show stuff south america
,2,see geological wall 30 jan
three tickets for today,0,nan
,1,love rock exhibition go
,1,show stuff brazil
,1,light interesting
,3,well jean seem opinion
,1,interested cosmos
i want to buy two tickets for the exhibition on building,0,nan
one ticket for 12 Jul,0,nan
,3,permit criminal get retrial
,2,see universe room sunday
,3,british french mostly decided carve part world call part persia
,2,exhibit life finish
,2,museum open 09 dec
,1,environment interesting
,1,love think universe
,2,tell geological wall exhibition
i want to buy six tickets for the universe room exhibition,0,nan
,1,earth interesting
three tickets for next Tuesday please,0,nan
,3,would n ' t like anything nature know
,1,like discus building
i would like to go to the geological wall exhibition on Jul 11,0,nan
,1,river fascinates
,2,sunday
,1,exhibition erosion
,1,love think river
,1,erosion interesting
,2,museum open 03 may
,4,hello
,1,think efficiency fascinating
,1,like discus sun
,2,exhibition rock
,2,see flooded forest monday
,2,see flooded forest next friday
,2,30 sep
,1,show exhibit big bang
,2,worked universe room exhibition
,1,education passion mine exhibition caixa museum cover
,4,called jacen
,4,name ezequiel
five tickets for the caixa museum please,0,nan
,3,call dog ?
,1,would advise go antarctic base
,1,love star
,2,friday
,1,related ecology
,4,new
,4,call jenilyn
,1,love matter
,1,erosion passion mine exhibition caixa museum cover
,2,visiting museum month part museum see
,4,call chermaine
,4,good night
,2,see sustainable building weekend
,1,exploration passion mine exhibition caixa museum cover
,3,like situation ' s usually real good
,2,see universe room thursday
,1,would like hear amazon
five tickets for 21 Feb please,0,nan
,1,photographer interesting
,2,see geological wall next saturday
,3,watched lot v war
two tickets for this Thursday please,0,nan
,1,love brazil exhibition go
,3,went work stuff see every awhile like go workout
six tickets for 13 Sep,0,nan
,2,see sustainable building apr 12
,3,people know like church free
,1,interesting water work
i would like to go to the sustainable building exhibition tomorrow,0,nan
,3,new company came like said remodeled place
,2,see antarctic base next weekend
,1,think organism fascinating
i want to buy one ticket for the sustainable building exhibition,0,nan
,1,exhibition ecosystem
i want to buy six tickets for the exhibition about photos,0,nan
,4,nice meeting
,4,everything going
,1,think earth fascinating
,1,love moon exhibition go
,1,exhibition star
,1,show stuff building
,3,involving violent crime anything
,1,want visit museum
,1,would like learn animal
,1,would like learn exploration
,3,' s kind nice way get away everything day
,2,see geological wall next sunday
,1,photo fascinates
two tickets for the caixa museum please,0,nan
,3,thing remember try stay together much
,1,like efficiency
one ticket for next Friday please,0,nan
,4,work ?
,1,interested water
two tickets for 30 Jan,0,nan
,4,hello !
,1,love biodiversity exhibition go
,2,see universe room next friday
,1,discussing mar one favourite thing
,1,would like hear sun
six tickets for this Sunday,0,nan
,3,definitely look
,1,think environment fascinating
five tickets for the exhibition on ecology,0,nan
,4,
,1,related vulcanos
i want to buy a ticket for 27 Jun,0,nan
,1,like discus climate change
one ticket on Friday please,0,nan
a ticket for 14 Nov please,0,nan
,1,would like learn earth
,1,love planet
,1,interested universe
i want to buy one ticket for the universe room exhibition,0,nan
,1,love think sustainability
,2,see flooded forest next month
i want to buy six tickets for the exhibition on landscape,0,nan
,1,animal interesting
,1,would like learn gravity
tickets for the antarctic base exhibition,0,nan
,1,want learn education exhibition recommend
i want to buy six tickets for the geological wall exhibition,0,nan
,1,interesting sun work
,1,love biodiversity
,1,like discus brazil
,2,exhibition earthquake
,1,interesting evolution work
,2,apr 02
,2,tell geological wall exhibit
,3,although still hear occasionally
,3,' s pretty weird
,1,interested education
,1,interesting nature work
,2,see sustainable building jun 09
,1,would like learn water
,4,name andreia
,1,interesting space work
,2,next sunday
a ticket for the antarctic base exhibition,0,nan
,3,' s n ' t n ' t know
,1,show stuff earthquake
,4,casimiro
,3,garden landscaping lawn ?
,2,worked geological wall exhibition
,3,homework go work part time job
i would like to go to the antarctic base exhibition on Tuesday,0,nan
,1,gravity fascinates
,3,sound real good
,3,worth extra money
i want to buy tickets for 05 Aug,0,nan
,1,love environment exhibition go
,2,visiting museum jun 07 part museum see
,2,museum open saturday
,1,love photo
,3,hate dubious honor know high
,1,want learn big bang exhibition recommend
i want to buy six tickets for the exhibition on universe,0,nan
,3,know would something look ' s really neat
,3,would understand people live
,1,like temperature
,1,nature passion mine exhibition caixa museum cover
,1,love earthquake
,2,wednesday
,3,' s sad life think today
,1,would like learn national geographic
,3,well kind put trap please special interest group well
,1,interesting vulcanos work
,4,name chermaine
,3,well ' s interesting well sound though favor status quo
one ticket for Mar 03,0,nan
,4,hello hi
,1,love think photographer
,2,see universe room dec 10
,2,museum open 22 aug
,2,visiting museum may 27 part museum see
,1,exhibition photo
,1,interested brazil
,4,call ferman
,4,call isaih
four tickets for 10 Jul please,0,nan
,3,high school everyone sort try opinion seems
,3,think one actually
,1,like matter
,3,said people west said since guess ' s six month
,3,well anyway sure enjoyed talking although difficult
,1,love moon
,1,interesting mar work
two tickets on Saturday,0,nan
six tickets for 20 Jan,0,nan
,1,would like learn star
,1,interesting efficiency work
a ticket on Wednesday,0,nan
,1,would like hear rock
four tickets for Jan 03,0,nan
,1,exhibition plant
,1,want learn evolution exhibition recommend
,3,right nobody
,3,mixed inside
,1,exhibition flooding
,4,
six tickets on Wednesday please,0,nan
,2,museum open saturday
,1,would like hear space
six tickets for the geological wall exhibition,0,nan
,4,ya
,2,see universe room jan 20
,3,running one stake another attached twelve foot leash
,1,building interesting
,1,climate passion mine exhibition caixa museum cover
,3,lot lot catnip ' s ' s still green ' s two day ' m encouraged
,3,would vote pro choice
,3,think mother child lose think ' s many problem
,2,worked flooded forest exhibition
,2,museum open jul 20
six tickets for 04 Oct,0,nan
,3,much know
one ticket for the flooded forest exhibition,0,nan
,1,biodiversity passion mine exhibition caixa museum cover
,3,stand head want
,2,see sustainable building feb 13
,3,tha - ' s illegal see company c e - s within private company would jail
,1,want learn river exhibition recommend
,2,see universe room saturday
,3,still found guilty ?
,2,visiting museum next wednesday part museum see
,1,show stuff ecosystem
i'd like to get five tickets,0,nan
could i get three tickets,0,nan
,1,like building
,2,see geological wall next friday
,4,name jenilyn
,3,' s right careful ' s pretty funny
one ticket for this Saturday,0,nan
,3,fact found ' m lot closer one son ' s gone n ' t even know ' s
can i get six tickets please,0,nan
,3,anyway time spend child
,1,related life
,1,would like learn architecture
,1,think river fascinating
,2,see antarctic base 30 dec
,1,discussing national geographic one favourite thing
,2,visiting museum week part museum see
,4,call heinz
,1,interesting plant work
,2,exhibit mar finish
,1,efficiency passion mine exhibition caixa museum cover
,2,museum open 18 aug
,1,exhibition south america
,1,love physic exhibition go
,1,related matter
,3,well really overburdened federal state local
four tickets for 23 Feb please,0,nan
,1,discussing rock one favourite thing
are tickets available for the exhibition about water,0,nan
,4,hello
,3,okay nothing missing
,2,see universe room sep 14
,3,little bit splash
one ticket for next Sunday,0,nan
,2,exhibition gravity
,1,want learn moon exhibition recommend
,2,see antarctic base sunday
,3,know five child total
,2,see universe room nov 29
,4,need help
,2,apr 09
,2,museum open today
can i get three tickets please,0,nan
,3,never mother used cook whole pan full squash would squash corn bread
,2,see sustainable building aug 20
,3,peace corp first started
,3,right n ' t care go place price
,4,call onika
,2,exhibition technology
,3,oh ' s nice mostly catfish
,4,good afternoon
,3,pushed heard click
,3,' s like slap finger
,1,love climate change
,3,mean guess would go flower
,2,see universe room monday
one ticket on Tuesday,0,nan
,3,' s little
,4,hi
,2,visiting museum thursday part museum see
three tickets for next Thursday,0,nan
,1,vulcanos passion mine exhibition caixa museum cover
i want to buy three tickets for the exhibition about life,0,nan
,3,see see parent way could afford send twelve kid college
,3,freedom choice
two tickets for 27 Jan please,0,nan
,3,okay well nice talk
,1,star fascinates
,3,said good luck one
,3,well going ask wife work ?
i want to buy three tickets for the flooded forest exhibition,0,nan
,2,see antarctic base friday
,3,believe know lived plano n ' t know familiar plano
three tickets on Thursday please,0,nan
,1,cosmos fascinates
,2,visiting museum wednesday part museum see
,1,would like learn physic
,4,call siaosi
,1,interested rock
,1,love jungle exhibition go
,3,' s like bee insect
,2,museum open apr 30
,1,discussing biodiversity one favourite thing
three tickets for Dec 23,0,nan
,1,would like learn rock
,4,call boaz
,2,visiting museum 24 jul part museum see
,2,visiting museum sunday part museum see
i want to buy one ticket for the exhibition about life,0,nan
,1,show exhibit climate
,1,related efficiency
,2,today
,3,feel necessary
,1,would like learn temperature
i'd like six tickets,0,nan
,2,next saturday
,2,see universe room 30 sep
,2,see geological wall 01 aug
,2,see geological wall 01 mar
six tickets for this week please,0,nan
,3,high price seven course n ' t usually look
,2,sep 14
a ticket for the exhibition about south america,0,nan
i want to buy tickets for Aug 03,0,nan
,4,long time see
could i get four tickets,0,nan
,2,see geological wall next thursday
,1,amazon fascinates
,3,well still think people choice know live ' s know conscience clear
,3,like said join navy see world type thing know
,1,love vulcanos
,2,see geological wall week
,3,oh agree
,2,tell geological wall exhibition
,1,want learn ecosystem exhibition recommend
,3,' s n ' t see anyone afford
i'd like to get six tickets please,0,nan
,2,see antarctic base next monday
,1,think earthquake fascinating
one ticket for this Thursday please,0,nan
,2,see geological wall sunday
,1,environment passion mine exhibition caixa museum cover
five tickets on Sunday,0,nan
,1,like climate
,4,may ask something ?
,2,see antarctic base 13 mar
i want to buy four tickets for the exhibition on amazon,0,nan
,1,love think vulcanos
,3,interesting watch water rise sudden
,4,good
,1,mar passion mine exhibition caixa museum cover
four tickets for 07 Apr please,0,nan
,1,love erosion exhibition go
three tickets for next Saturday please,0,nan
four tickets for 25 Sep please,0,nan
,1,show stuff mar
two tickets for next month please,0,nan
i want to buy one ticket for the exhibition on life,0,nan
,2,exhibit cosmos finish
,1,exhibition climate change
,4,hey
,3,eating meat kick
,1,amazon interesting
,1,interested photographer
,2,tell sustainable building exhibition
,3,see ' s female say well carry purse pat say carry fanny pack
six tickets for this Saturday please,0,nan
,3,hey thanks lot talk later
,1,discussing technology one favourite thing
,1,ecology passion mine exhibition caixa museum cover
,1,like science
,3,want go diving
,2,visiting museum sep 07 part museum see
,1,like discus animal
,1,want learn rock exhibition recommend
,3,really believe something like
,2,tell sustainable building exhibition
,4,called boaz
i need two tickets,0,nan
five tickets for next Thursday,0,nan
,3,n ' t long ?
i want to buy four tickets for the exhibition on mars,0,nan
,3,ten
,4,neww
,4,life deal you ?
,3,sp - know pull ' ve always done kid know yanked
,1,discussing water one favourite thing
,2,visiting museum feb 24 part museum see
,1,love photographer exhibition go
,2,see sustainable building next month
,3,would quite happy see national law every student required learn english second language
four tickets please,0,nan
,3,' s kind
one ticket for next weekend,0,nan
,2,want know exhibition museum
,1,like discus planet
six tickets for 13 Jun,0,nan
,2,see flooded forest jan 20
,3,well n ' t know ' ve seen think
three tickets for Jul 30 please,0,nan
,1,want learn biodiversity exhibition recommend
,4,coulter
,2,visiting museum oct 13 part museum see
i would like to go to the sustainable building exhibition on Monday,0,nan
,3,well ' m west texan
,4,chermaine
,2,exhibition
,2,museum open 24 sep
,1,think ecosystem fascinating
four tickets for 27 Jun please,0,nan
,1,light fascinates
,3,think know ' s one thing
buy tickets,0,nan
,3,feel like n ' t people n ' t like flag stand welcome go place else
,2,exhibition big bang
i want to buy two tickets for the flooded forest exhibition,0,nan
,1,rock passion mine exhibition caixa museum cover
,2,museum open thursday
,3,want buy fruit
,1,like discus life
,3,mean really sick use one
,1,education fascinates
,3,real barbecue kick lately
i want to buy six tickets for the exhibition about sun,0,nan
,2,see universe room apr 11
,1,interested technology
,1,love climate change exhibition go
,4,called coulter
,1,interested ecosystem
,1,think animal fascinating
,1,would like hear universe
,1,would like learn climate change
,1,like erosion
,1,want learn mar exhibition recommend
,2,see universe room next wednesday
three tickets for the exhibition on matter,0,nan
,1,would like hear national geographic
,1,want learn cosmos exhibition recommend
,2,see sustainable building wednesday
,2,visiting museum tuesday part museum see
,1,show exhibit brazil
six tickets for the exhibition on space,0,nan
,3,boy girl last year boy twin started real well
,1,show stuff photographer
,1,love evolution exhibition go
,2,see antarctic base sunday
,2,exhibition south america
,1,interested sustainability
,4,life treating
,1,discussing education one favourite thing
five tickets for 01 Jun please,0,nan
,1,building fascinates
,1,discussing earthquake one favourite thing
five tickets for this Friday please,0,nan
,1,photo interesting
,2,exhibit flooding finish
,2,see geological wall monday
,1,matter interesting
,2,visiting museum 20 nov part museum see
four tickets for this month,0,nan
,1,discussing planet one favourite thing
,1,climate change passion mine exhibition caixa museum cover
,1,want learn photo exhibition recommend
,2,04 jul
,1,show exhibit exploration
i want to buy a ticket for the exhibition about mars,0,nan
,3,think next session modified ' s still legal posse weapon florida
,4,called casimiro
,2,see flooded forest wednesday
,3,n ' t believe often happens
can i get one ticket please,0,nan
,1,would like hear water
,3,want send like know fifty cent day
,2,visiting museum next weekend part museum see
,3,one way
,1,south america passion mine exhibition caixa museum cover
,3,line work since went school
,1,love science
,1,vulcanos fascinates
i want to buy four tickets for the geological wall exhibition,0,nan
,3,born denton raised lubbock
,1,exhibition architecture
i want to buy one ticket for the exhibition on earthquakes,0,nan
,1,show stuff science
,3,could n ' t hear ?
,2,exhibition rock
four tickets for the flooded forest exhibition,0,nan
,2,visiting museum 16 mar part museum see
,2,see antarctic base oct 18
,2,see sustainable building jan 25
,1,love think light
,2,see geological wall weekend
,4,hello
one ticket for this Wednesday,0,nan
one ticket for the exhibition about matter,0,nan
,1,interested moon
,3,pretty regularly read paper lately like last week two guess easter
,1,would like learn mar
two tickets for Nov 01,0,nan
,3,' s true really criminal hard - core
,2,01 jul
,3,people inhabiting country people nothing government
,3,surprised slapstick movie ' s really way comedy right
,1,discussing cosmos one favourite thing
,1,like discus vulcanos
,3,n ' t n ' t quite pas
,1,love light exhibition go
four tickets for 24 Apr please,0,nan
,2,see antarctic base today
,3,would really awful
,2,see flooded forest jul 12
two tickets for the geological wall exhibition,0,nan
,1,big bang interesting
,1,love think big bang
,3,n ' t mumblex mean always mumblex
,2,see antarctic base tuesday
,2,visiting museum monday part museum see
,3,' ve got bombay turkish van himalayan persian
i'd like to get three tickets please,0,nan
,1,would like learn cosmos
,2,22 oct
,4,g morining
three tickets for next Monday,0,nan
,2,museum
,1,love animal exhibition go
i want to buy six tickets for the exhibition on efficiency,0,nan
,1,interested jungle
,3,right absolutely right ' s good one
,3,people know grow small town large town
,1,like animal
,1,show exhibit architecture
,3,vehemently quieted n ' t think probably feel differently
,1,like discus climate
,1,discussing flooding one favourite thing
,4,help something ?
,4,call keitha
,2,see cosmocaixa museum
,1,show exhibit national geographic
,1,jungle fascinates
two tickets for this Monday please,0,nan
,2,thursday
,3,' s ' s little rough know quite sort thing
can i purchase tickets for next week,0,nan
,3,think freedom choice
,3,' s hardly anything putting tire
,2,see geological wall aug 06
,1,animal fascinates
two tickets for 06 Jan,0,nan
four tickets for next Saturday,0,nan
,3,wish sentence someone going sentence five year make serve five year
a ticket for the exhibition about landscape,0,nan
,2,see geological wall friday
,3,' ve heard ' s pretty cool
i would like to go to the antarctic base exhibition on 25 Nov,0,nan
,3,probably cafeteria thought
,1,would like hear efficiency
,2,monday
,4,jenilyn
,2,see flooded forest feb 09
,4,call tyeshia
,1,would like hear ecosystem
,2,see geological wall 10 jun
two tickets on Thursday,0,nan
,1,related plant
,3,working ?
,1,interested climate change
,2,exhibition sun
a ticket for 04 Mar please,0,nan
,1,related architecture
,1,temperature fascinates
,1,think matter fascinating
,1,show stuff efficiency
,1,love gravity exhibition go
,1,related biodiversity
a ticket for Mar 26 please,0,nan
,1,interesting sustainability work
,2,see sustainable building 14 aug
a ticket for 06 Mar,0,nan
,2,tuesday
,1,show exhibit river
five tickets for next Wednesday,0,nan
,3,n ' t ' s harder think poor people suffered way
,1,discussing architecture one favourite thing
,2,see flooded forest next sunday
,2,exhibit technology finish
,3,think idea freedom speech go back whole aspect
,3,worked wonderfully
,3,would reason would take advantage
,2,friday
,2,visiting museum jan 30 part museum see
,1,like discus erosion
,2,see geological wall sunday
,1,want learn earthquake exhibition recommend
,4,help anything ?
,1,related temperature
,3,well ' s real mexican food ' s real tex - mex mexican know third fourth generation american
,3,feeling mumblex someone calling someone else killed know
,3,think state ?
,3,well first amendment definitely say freedom speech
,4,going
,3,may see slapstick
,1,discussing space one favourite thing
a ticket for this Friday please,0,nan
two tickets for Oct 03,0,nan
,1,would like hear life
,1,think sun fascinating
,1,interesting exploration work
,3,leaking inside car
,1,would like learn plant
,2,museum open mar 29
i want to buy four tickets for the flooded forest exhibition,0,nan
,2,visiting museum wednesday part museum see
,3,oh god would exact opposite
three tickets on Friday,0,nan
three tickets for this Saturday please,0,nan
,2,museum open 10 jan
,1,rock fascinates
,2,visiting museum next friday part museum see
are there any more tickets for the exhibition on plants,0,nan
,3,know look say well thought beforehand
,3,always said kid would n ' t know mcdonald ' s
,3,oh one n ' t heard
,1,show exhibit temperature
purchase tickets,0,nan
,3,never ' ve never served jury never called jury although friend juror
,2,visiting museum tuesday part museum see
,2,see geological wall apr 19
,1,love think earth
six tickets for 22 Jun please,0,nan
are there still tickets available for the caixa museum on thursday,0,nan
,3,know take let let old elderly people pet dog
,3,thing extra seems large extra n ' t exist
,1,exhibition river
six tickets for the antarctic base exhibition,0,nan
one ticket for 12 Feb,0,nan
,2,feb 02
,1,like biodiversity
,3,believe peace corp knew marry peruvian
,1,love vulcanos exhibition go
one ticket on Sunday please,0,nan
three tickets for the caixa museum please,0,nan
i want to buy tickets for the flooded forest exhibition,0,nan
i want to go on 21 Aug are there tickets for that day,0,nan
,1,like gravity
,1,show exhibit organism
four tickets on Tuesday please,0,nan
,1,would like hear temperature
,1,efficiency interesting
three tickets,0,nan
,2,exhibition climate
,1,universe passion mine exhibition caixa museum cover
,3,well enjoyed topic hope good day
,1,would like hear technology
,4,sanjuana
,1,show exhibit education
,3,right know ' s bumble bee pattern
,3,know ' s like threw eight aircraft said wrong
one ticket for next Monday please,0,nan
,1,love education
a ticket on Saturday,0,nan
,1,interested earthquake
,4,name onika
,3,look like grub
,2,see antarctic base jan 08
,1,love animal
,2,20 sep
,3,unless absolutely forced
,1,love think ecology
,2,exhibition flooded forest
six tickets for Mar 17 please,0,nan
,4,cracking
,3,tha - ' s way alabama
,3,know well guess awhile ' s almost ten year since moved
,1,think gravity fascinating
,4,called dinesh
,1,interested south america
,1,discussing brazil one favourite thing
,4,good day
,2,see geological wall 06 jan
,2,see antarctic base oct 07
,1,would like learn rock
,2,sunday
,1,would like hear nature
,1,related south america
,3,take hose cut
,3,' s great n ' t know group
,4,dimitrios
,1,exhibition brain
,2,museum open thursday
six tickets for tomorrow,0,nan
,3,even somebody making twice making could put half
,1,want learn water exhibition recommend
,1,interesting technology work
,3,' s ' s lot know last minute thing happen person
,1,show stuff rock
a ticket for 19 Dec please,0,nan
four tickets for Apr 11 please,0,nan
i want to buy two tickets for the exhibition about space,0,nan
,1,interested ecology
,1,like earth
,2,exhibition ecology
,3,sure ' s ' s big responsibility really
,1,like plant
three tickets for the exhibition on national geographic,0,nan
,3,seventh eighth grade started come around realize basically got interested math
five tickets for next Tuesday,0,nan
,3,' m best
,3,' s taken part unknown
,2,visiting museum sep 13 part museum see
,1,nature fascinates
,1,discussing exploration one favourite thing
,1,would like hear sustainability
,1,matter fascinates
,1,like discus river
,1,love temperature exhibition go
,3,let alone country
,3,everything else friend work
,2,see geological wall monday
,2,exhibition flooding
,4,call isabela
,2,see antarctic base thursday
three tickets for Aug 31,0,nan
,3,large big fun
,3,' s broad issue
i would like to go to the flooded forest exhibition this weekend,0,nan
,4,good morning
i'd like one ticket,0,nan
,2,next month
could i get five tickets,0,nan
,3,well like ford apparently ?
,1,love think earthquake
,2,visiting museum next week part museum see
,1,love think biodiversity
,3,sort half student half working source income stuff ' m actually managing zero debt
,1,interesting animal work
four tickets on Friday,0,nan
tickets for the exhibition about brain,0,nan
,1,exhibit recommend
,3,crime brutal know useless may seem best way n ' t know
four tickets for this Thursday please,0,nan
,2,see antarctic base 01 nov
,2,
,1,interested nature
,4,name sanjuana
,1,like moon
i want to buy six tickets for the exhibition about gravity,0,nan
,2,museum open 18 jan
i want to buy five tickets for the exhibition about science,0,nan
i want to buy a ticket for the exhibition on building,0,nan
,2,see antarctic base tuesday
,2,see universe room next month
,3,someone handing something
,1,love exploration
could i please get six tickets,0,nan
,2,see flooded forest 05 oct
,3,unfortunately ' s happens
,1,discussing efficiency one favourite thing
,3,good luck one
,3,murphy brown designing woman mumblex
,1,would like learn amazon
,1,exhibition nature
,2,see geological wall aug 25
,1,related ecosystem
,3,certain thing could provide without doctor prescription based qualification
,1,interesting brazil work
,2,see flooded forest saturday
,1,think plant fascinating
,4,call jane
,3,minute mean minute something happens
i want to buy five tickets for the flooded forest exhibition,0,nan
,2,see sustainable building tuesday
,1,nature interesting
,3,take big part evening weekend
,1,would like learn earthquake
,4,nice day
i'd like six tickets please,0,nan
,2,see flooded forest friday
,3,oh tremend - well seven hour labor
four tickets for 17 Jan please,0,nan
,3,really know n ' t understand people live n ' t understand
,3,' s funny ' s almost like lot thing available u child
,1,would like hear organism
i want to buy six tickets for the exhibition about climate,0,nan
three tickets for 30 Apr,0,nan
,2,see flooded forest jun 11
,3,decreasing military spending
,2,see antarctic base 03 mar
,3,' s matter people lazy
,2,sustainable building
are tickets available for the exhibition about architecture,0,nan
,1,exploration fascinates
i want to buy three tickets for the antarctic base exhibition,0,nan
one ticket for Jul 18,0,nan
,1,love flooding exhibition go
,1,universe fascinates
,1,exhibition sustainability
one ticket for the exhibition about universe,0,nan
,1,want learn climate exhibition recommend
,2,see sustainable building oct 05
,3,color black to - tongue chow shap - shape shepherd
,1,exhibition education
four tickets on Wednesday,0,nan
i want to buy a ticket for this weekend,0,nan
,4,
,2,see universe room jun 17
,3,n ' t ask taking school ?
,2,see flooded forest sunday
one ticket for 24 Nov please,0,nan
,1,exhibition animal
,2,see antarctic base monday
,3,mean leave something anywhere might well forget
,2,04 oct
i want to buy one ticket for the geological wall exhibition,0,nan
,2,cosmocaixa museum everyone
four tickets for the exhibition on temperature,0,nan
,3,husband child miss ' s kind got back eighteen month
,4,call shauntay
i want to buy three tickets for the exhibition on jungle,0,nan
four tickets for the geological wall exhibition,0,nan
could i please get a ticket,0,nan
,4,cracking
,1,like big bang
i want to buy one ticket for the exhibition about planets,0,nan
,2,see geological wall tuesday
,3,maybe let ' s see else ? change
,3,wa used watch oprah lot afternoon
,1,would like hear physic
,3,usually come away thinking really n ' t like show
i want to buy a ticket on Sunday,0,nan
,4,called shauntay
,3,parent kind thing
,2,see antarctic base feb 24
,1,interested planet
i'd like to get four tickets,0,nan
,2,see flooded forest 25 feb
,2,museum open tuesday
i want to buy one ticket for the flooded forest exhibition,0,nan
,3,million year think
,3,upon time well two dog kid
one ticket for Nov 21 please,0,nan
five tickets for the flooded forest exhibition,0,nan
,2,see flooded forest month
,2,see flooded forest 07 mar
,3,pretty impressed western auto n ' t great job changing transmission oil last time
five tickets for the exhibition on biodiversity,0,nan
,2,visiting museum sunday part museum see
,3,know absolutely favorite show ?
i want to buy tickets for 09 Sep,0,nan
four tickets for the universe room exhibition,0,nan
,1,like discus education
,1,discussing temperature one favourite thing
,4,going
,1,like brain
,3,jenny sweet kid
,3,know got degree got better paying job
,2,next wednesday
,2,museum open monday
,2,see sustainable building jun 06
,3,like fishing ...
,3,' s kind like
three tickets for 06 Jun please,0,nan
,1,related universe
,4,name deric
are there any more tickets for the universe room exhibition,0,nan
,1,related water
,3,arequipa
a ticket for 04 Feb,0,nan
,1,star interesting
,3,lucky get paycheck way figure
,3,thi n ' t know feel think maybe majority might sufficient
,3,' s possible guess
i would like to go to the universe room exhibition on 16 Jun,0,nan
,3,' s intelligent dog ' ve ever seen course ' m little prejudiced course
,1,exhibition planet
,4,called tyeshia
,1,show stuff exploration
i'd like two tickets please,0,nan
six tickets for next Thursday,0,nan
,1,love think organism
,1,love think gravity
,1,interesting rock work
five tickets for today please,0,nan
six tickets for this Saturday,0,nan
,2,weekend
,2,visiting museum 03 nov part museum see
one ticket for 15 Jun please,0,nan
,3,oh ' s probably first guy called
two tickets for tomorrow,0,nan
,2,visiting museum today part museum see
,2,museum open 29 sep
,3,guess ' s thin ' s opinion guess feel differently
,4,name dinesh
,1,show exhibit space
i want to buy four tickets for the exhibition about rivers,0,nan
,1,interested forest
,1,star passion mine exhibition caixa museum cover
,2,see flooded forest 27 jul
,3,worked shift eleven year
,2,jan 24
,1,exhibition technology
,2,see universe room jan 13
i want to buy a ticket for May 27,0,nan
,2,visiting museum aug 20 part museum see
five tickets on Thursday please,0,nan
,3,know feel like ' ve lived life need share
,4,good see
,3,know would like make sure job tomorrow first
,3,way guess
,4,called heinz
,2,visiting museum next thursday part museum see
three tickets for the universe room exhibition,0,nan
,4,call agnieszka
,3,' s right enough people want
,2,see sustainable building 08 may
,1,interested science
,4,good afternoon
,1,like river
,1,want learn architecture exhibition recommend
,1,interested brain
,2,tell universe room exhibition
,3,deep one deep one
,3,look job description would s - know teaching third list importance thing
one ticket for this Monday,0,nan
,3,think would would know economic benefit know everyone concerned
,3,especially around bonus time
,1,love water
,2,see universe room dec 29
,1,gravity passion mine exhibition caixa museum cover
,2,see universe room week
,2,see universe room 15 sep
,4,happens next ?
,1,interesting star work
,1,show stuff temperature
,2,museum open weekend
,1,interested star
,2,see flooded forest 01 may
,1,think building fascinating
,2,see sustainable building 30 jun
,4,nice meet
,1,would like hear animal
are there any more tickets for the exhibition on rock,0,nan
,1,want learn star exhibition recommend
a ticket for next Tuesday please,0,nan
,1,love think efficiency
,3,people said work ?
,3,well would encourage
,2,exhibit education finish
,1,interesting ecosystem work
tickets,0,nan
,1,show exhibit mar
,1,exhibition universe
i'd like four tickets please,0,nan
,1,think star fascinating
,1,interested organism
,3,school teacher
,2,see flooded forest jul 30
,3,shall look
,1,animal passion mine exhibition caixa museum cover
,1,technology interesting
,3,yes seminar every
,1,exploration interesting
a ticket on Sunday,0,nan
,3,good eat ?
,1,think sustainability fascinating
five tickets for the antarctic base exhibition,0,nan
how much do three tickets for the museum cost?,0,nan
,1,interesting rock work
,1,show exhibit flooding
,3,' ve never heard thing
,1,interesting erosion work
,3,would like fry
two tickets for this Friday,0,nan
i want to buy four tickets for the exhibition on gravity,0,nan
i want to buy four tickets for the exhibition on big bang,0,nan
,3,like chinese eat
,3,oh would love one know
four tickets for the exhibition on floodings,0,nan
,2,see sustainable building jul 28
,1,ecosystem fascinates
,3,looking gray wall know
,1,interested evolution
five tickets for next month,0,nan
,1,want learn rock exhibition recommend
,2,exhibition organism
,1,love life exhibition go
four tickets for this Saturday please,0,nan
,3,maybe tell go something n ' t know benefit
,3,well wait minute the -
,3,probably friend television ?
,1,love forest
four tickets for next month,0,nan
,3,else ' m sure getting close five minute whatever
a ticket for 20 Nov please,0,nan
,2,19 sep
five tickets for 22 Jun,0,nan
,4,call shawn
,1,would like hear light
two tickets for the exhibition on erosion,0,nan
five tickets for next month please,0,nan
three tickets for the exhibition on water,0,nan
four tickets for 04 Dec,0,nan
,2,exhibit earthquake finish
,3,well thank much bye - bye
,4,onika
,1,landscape fascinates
,3,well paid
,4,happens ?
,2,exhibit brain finish
,3,crime ' s already mumblex chart determine punishment
,4,name sokhom
two tickets on Wednesday,0,nan
,2,see geological wall wednesday
,3,friend know high school idea really wanted
,3,getting close twenty think little gift book go n ' t really know
,3,oh gosh ' ve got go maine
one ticket for 06 Aug please,0,nan
,2,see antarctic base jul 02
can i buy a ticket for the caixa museum,0,nan
four tickets on Sunday please,0,nan
i need three tickets,0,nan
,2,see flooded forest 24 jan
,1,show exhibit brain
,2,see sustainable building tuesday
,1,show stuff photo
five tickets for 04 Dec please,0,nan
,1,exhibition life
,3,n ' t plan one either ever
,3,typical breed ?
,2,see antarctic base 28 apr
,3,n ' t n ' t graduate best engineer best english major
,3,kitten look like
three tickets for 17 Dec please,0,nan
two tickets for the sustainable building exhibition,0,nan
two tickets for Apr 30,0,nan
,2,see antarctic base next friday
i would like to go to the flooded forest exhibition on 08 Apr,0,nan
,1,science fascinates
i want to buy three tickets for the exhibition about organisms,0,nan
,2,exhibit big bang finish
,1,love physic
,3,hope get something
,1,exhibition science
i want to buy six tickets for the sustainable building exhibition,0,nan
,4,call mao
,4,going
,4,heinz
tickets for the universe room exhibition,0,nan
six tickets for next Sunday,0,nan
,3,' ve work site hunt valley maryland
,2,museum open 19 aug
,4,keitha
,2,see flooded forest thursday
,1,interesting climate change work
,3,be - love freedom
,1,like rock
,1,exhibition vulcanos
,2,visiting museum 03 aug part museum see
,2,exhibition kid
,3,well amazingly lot time ' s real easy
,3,nor - normally come say ' ve overextended conversation
,2,visiting museum 16 oct part museum see
i would like to go to the flooded forest exhibition on Nov 24,0,nan
,1,want learn planet exhibition recommend
,1,want learn gravity exhibition recommend
,1,like discus biodiversity
,2,see universe room sunday
,1,love think physic
,1,love sustainability exhibition go
,1,like discus big bang
,1,like discus efficiency
,3,' s true course requirement every single appeal must permitted
four tickets for Jul 24,0,nan
,3,mean sense ' ve come long way yes ' ve sacrificed lot get
,3,' s nobody holding
,2,see sustainable building aug 29
,4,ya doin
,1,would like hear forest
,1,would like hear architecture
,1,would like learn jungle
,1,want learn physic exhibition recommend
,2,see flooded forest next thursday
i would like to go to the geological wall exhibition on 28 Mar,0,nan
,1,love think brain
i want to buy one ticket for the exhibition about architecture,0,nan
,3,tough topic
i want to buy two tickets,0,nan
,3,way prevent family know like basically ' s contraceptive
,1,show exhibit forest
,1,forest interesting
,1,think life fascinating
,3,right maryland
i want to go next Thursday are there tickets for that day,0,nan
six tickets for Aug 27 please,0,nan
,2,museum open next week
two tickets for 15 Jan,0,nan
,1,related organism
five tickets for this Sunday,0,nan
,2,see flooded forest 28 oct
,4,call ezequiel
,1,show exhibit rock
,3,well many chance appeal kee
,2,jun 06
,1,would like learn planet
,2,exhibition geological wall
,1,would like hear matter
five tickets for Sep 11,0,nan
,3,ready storm saudi n ' t try help friend ?
,4,
,1,related nature
,2,aug 29
,3,guess problem ' s true authority kind international verdict
,2,worked antarctic base exhibition
,1,show exhibit vulcanos
,4,like ya doin '.
,3,live n ' t make lot money live high price apartment simply feel safe
,2,see antarctic base wednesday
,1,brazil interesting
a ticket,0,nan
,4,greeting
,1,show exhibit technology
,1,love universe exhibition go
one ticket for the exhibition about photos,0,nan
,1,like discus exploration
,1,related rock
,1,related education
,4,called siaosi
,2,see flooded forest today
,2,see flooded forest next weekend
,1,moon interesting
,1,show stuff flooding
,1,show exhibit water
,1,like discus national geographic
,1,earthquake interesting
three tickets for 17 Oct,0,nan
,2,see antarctic base weekend
six tickets on Tuesday please,0,nan
,2,visiting museum 16 jul part museum see
,4,nice get know
i'd like two tickets,0,nan
,3,inability understand multicultural multiracial situation
i would like to go to the flooded forest exhibition on 04 Dec,0,nan
,1,want learn science exhibition recommend
six tickets for Aug 05,0,nan
one ticket for tomorrow,0,nan
i want to buy a ticket for the geological wall exhibition,0,nan
,1,want learn brain exhibition recommend
,1,climate fascinates
,3,big part family big part know youngster thought
,3,oh mean size wise big ?
,3,mean child ' s school job say nine three
i would like to go to the sustainable building exhibition on 07 Dec,0,nan
,3,mean n ' t miss much
,1,related forest
,2,see flooded forest jul 24
,1,exhibition big bang
,1,climate change interesting
,2,geological wall
,3,mean ' s like n ' t worry television least know everybody ' s
,1,cosmos interesting
,4,everything ?
,4,name casimiro
six tickets for next Saturday,0,nan
,2,see universe room today
i need six tickets,0,nan
,1,think vulcanos fascinating
a ticket for 30 Nov,0,nan
,1,interesting science work
,1,exhibition earthquake
,2,see geological wall 30 may
,1,love think landscape
,3,hope hope stud find attractive
three tickets for the flooded forest exhibition,0,nan
,2,see flooded forest next saturday
a ticket for the exhibition about jungle,0,nan
,3,' s amazing know prior like nineteen - twenty heart attack
,3,take kid along ?
,3,mean county much larger
,2,exhibition universe room
,3,black man accused simply resembled
,1,show stuff cosmos
six tickets,0,nan
,1,water passion mine exhibition caixa museum cover
,3,' s true ' s true ' s ' s
i would like to buy tickets,0,nan
four tickets for 19 Aug,0,nan
,1,like life
,1,show exhibit ecosystem
,1,planet passion mine exhibition caixa museum cover
,1,exhibition light
,2,visiting museum 05 apr part museum see
,1,related animal
,3,right eat quite bit ' s husband home
,1,love star exhibition go
,4,good
,1,would like hear plant
i want to buy a ticket for Aug 02,0,nan
,1,like light
,1,love climate exhibition go
,2,see flooded forest 09 may
i'd like to get one ticket,0,nan
,1,show stuff life
,2,see universe room monday
,2,exhibit south america finish
,2,see sustainable building wednesday
,3,' s basically rural county get half way point
i want to buy tickets for the exhibition on education,0,nan
,1,ecosystem interesting
,3,n ' t n ' t n ' t aware
,2,universe room
,2,month
,3,franchised restaurant always prefer go something seems family run
,1,exhibition organism
,3,well year guess
,2,see flooded forest 25 mar
,1,show exhibit landscape
,1,interesting amazon work
,2,exhibition ecosystem
,2,15 jul
,1,show stuff earth
,1,interested environment
i want to buy five tickets for the exhibition on ecosystem,0,nan
,1,would like learn science
,4,helloo
,4,call andreia
,1,would like learn south america
,2,see antarctic base 29 may
,3,know v - s right
i want to buy two tickets for the exhibition about climate change,0,nan
,2,16 may
tickets for the flooded forest exhibition,0,nan
,3,' s good another kid age mean ' s like know ' s ridiculous
,2,visiting museum aug 26 part museum see
,3,' ve received quite
,1,love think planet
,3,right right well walking tour
,1,matter passion mine exhibition caixa museum cover
,1,think architecture fascinating
four tickets for Nov 23 please,0,nan
,2,see flooded forest 10 feb
,1,life fascinates
a ticket for the geological wall exhibition,0,nan
,4,sokhom
i want to go on Mar 13 are there tickets for that day,0,nan
,2,see flooded forest saturday
,2,see geological wall today
are there any more tickets for the exhibition on forest,0,nan
,1,interesting temperature work
,3,difference
,4,morning
,1,would like hear building
,2,visiting museum thursday part museum see
,1,related climate change
,4,called sanjuana
,1,interested big bang
,2,exhibit rock finish
,4,call lindzy
,1,related climate
,2,see universe room 23 sep
,1,interesting physic work
,2,museum open 19 oct
,2,see universe room may 08
,1,related brazil
,1,love think moon
a ticket for next week,0,nan
i want to buy two tickets for the exhibition on light,0,nan
,3,' ve never heard
,3,well n ' t know know
i want to buy four tickets for the exhibition about space,0,nan
a ticket for 04 Dec,0,nan
i want to buy five tickets for the sustainable building exhibition,0,nan
i need five tickets,0,nan
,1,life passion mine exhibition caixa museum cover
,1,like discus universe
,1,like discus physic
i would like to go to the sustainable building exhibition on 04 Apr,0,nan
,1,love cosmos exhibition go
i want to buy tickets for tomorrow,0,nan
two tickets for 26 Jan,0,nan
,4,name keitha
,1,love ecology exhibition go
,1,discussing climate one favourite thing
,4,thing
,3,honestly well perceived war world wide
how much do two tickets for the museum cost?,0,nan
a ticket for 23 Oct,0,nan
two tickets please,0,nan
a ticket for tomorrow please,0,nan
,3,entirely much time spent wife wondering
i would like to go to the geological wall exhibition on Nov 15,0,nan
,3,go hunting go race
,4,buford
five tickets for the sustainable building exhibition,0,nan
,4,called isaih
,1,organism interesting
,3,u town newspaper
,3,oh ter n ' t talking right fixing dinner
,1,would like hear evolution
,1,like south america
,1,would like hear river
,1,would like hear jungle
,2,see geological wall jan 16
two tickets for 11 Dec please,0,nan
,3,know foreigner
two tickets for the universe room exhibition,0,nan
i would like to go to the geological wall exhibition next weekend,0,nan
i would like to go to the flooded forest exhibition this Wednesday,0,nan
,1,think climate fascinating
,3,back like piston calling ?
,4,name agnieszka
,3,strip oh four five six little roll coil line hand
,1,think moon fascinating
,1,interested landscape
,3,rent car get
,1,think big bang fascinating
,2,see flooded forest apr 25
,1,like technology
three tickets for next weekend please,0,nan
,1,interesting forest work
could i please get three tickets,0,nan
,1,landscape passion mine exhibition caixa museum cover
,3,although claim florida home two son living also two son living elsewhere
,1,want learn south america exhibition recommend
,3,seven day waiting period
two tickets on Friday please,0,nan
,1,interested climate
,3,cerebral palsy bad communicate
,1,related mar
,3,started trying cast kind getting ' s
,1,interested rock
six tickets on Friday,0,nan
,1,love landscape exhibition go
,2,see antarctic base wednesday
i want to buy a ticket for the exhibition about temperature,0,nan
i want to buy five tickets for the geological wall exhibition,0,nan
,1,ecology fascinates
,3,' s true really
,1,rock passion mine exhibition caixa museum cover
,2,museum open friday
,1,show exhibit universe
one ticket for next Sunday please,0,nan
,3,kind cat ?
,4,name ferman
,1,landscape interesting
,2,see sustainable building jan 13
,4,good day
,4,called buford
,3,go
three tickets for Nov 28 please,0,nan
,3,well peru ?
,3,hired new nurse really redid know
,1,think forest fascinating
,4,name heinz
i would like to go to the geological wall exhibition next Wednesday,0,nan
two tickets for the exhibition on efficiency,0,nan
,1,photo passion mine exhibition caixa museum cover
,3,negotiation could n ' t resolve
,1,love ecosystem
,2,antarctic base
five tickets for Jul 20 please,0,nan
,3,know florida
,2,exhibit jungle finish
four tickets for next Friday please,0,nan
,2,see antarctic base tomorrow
five tickets for 29 Jan please,0,nan
,3,mean thing way grow carrot cabbage sort mumblex go waste
,1,exhibition earth
three tickets for 08 Dec please,0,nan
,3,s - b - freedom speech
,2,tomorrow
i would like to go to the universe room exhibition tomorrow,0,nan
,1,related amazon
,3,rub siding
,1,related moon
i want to buy two tickets for the universe room exhibition,0,nan
,1,interesting south america work
a ticket for this weekend,0,nan
,2,museum open 21 jul
,3,probably outdoorsie stuff keeping trying keep away v guess mcdonald ' s
,2,see universe room wednesday
,2,see flooded forest tuesday
,2,exhibition mar
i want to buy a ticket for the universe room exhibition,0,nan
four tickets for this Thursday,0,nan
,2,see universe room weekend
,1,forest passion mine exhibition caixa museum cover
,1,interesting jungle work
,1,show stuff river
,1,like discus star
one ticket for the antarctic base exhibition,0,nan
,1,love efficiency
,2,visiting museum 15 jun part museum see
a ticket for the exhibition about building,0,nan
,3,n ' t know think somehow hoped people could better expecting
are there any more tickets for the flooded forest exhibition,0,nan
,1,earthquake passion mine exhibition caixa museum cover
i want to buy six tickets,0,nan
i would like to go to the sustainable building exhibition on Oct 08,0,nan
,3,outside night know
i want to go on Sunday are there tickets for that day,0,nan
,2,see sustainable building 26 sep
,1,related building
,3,' s right absolutely
i would like to go to the geological wall exhibition on Saturday,0,nan
,1,think cosmos fascinating
,1,rock interesting
,3,' s true ' s true
,1,related jungle
a ticket on Saturday please,0,nan
four tickets for Jan 29,0,nan
,3,family think like girl today child
,3,learn drive tractor
,4,called chermaine
,3,said whole idea ' s important changed
,3,matter fact ' m north carolina state
a ticket for Feb 02 please,0,nan
,1,love think photo
,1,sun passion mine exhibition caixa museum cover
,2,see geological wall jun 01
,3,pu - wheeled cart
i want to buy two tickets for the antarctic base exhibition,0,nan
six tickets for next week,0,nan
,1,would like learn brain
,1,show stuff architecture
,1,show exhibit amazon
,1,would like hear vulcanos
,1,exhibition rock
,1,exhibition jungle
tickets for the exhibition about nature,0,nan
,3,know worked full - time job part - time job
,2,exhibit ecosystem finish
one ticket for the universe room exhibition,0,nan
,3,m - breeder money bree breed twice year
,3,show big school since n ' t long ?
,1,think brain fascinating
i want to buy tickets for 14 Jun,0,nan
,2,see universe room mar 05
,3,think would kind interesting
,2,visiting museum 26 jul part museum see
,2,jul 18
,3,' s way worked maryland certain portion property tax go education
,2,see geological wall month
,1,want learn jungle exhibition recommend
,2,see geological wall wednesday
two tickets for this month,0,nan
,2,13 mar
,2,see sustainable building saturday
a ticket for next Tuesday,0,nan
,1,interested animal
,4,good evening
,4,call sokhom
six tickets for next Monday,0,nan
one ticket for this Monday please,0,nan
,1,like discus landscape
,2,see universe room next monday
,2,see universe room dec 22
,2,see antarctic base 31 jan
,1,technology passion mine exhibition caixa museum cover
,1,interested temperature
,3,know thought making good wage
,2,see antarctic base aug 11
could i get a ticket,0,nan
,3,' ve got dollar cinema sherman usually see like first - rate movie
a ticket for 22 Apr please,0,nan
,4,
,1,want learn photographer exhibition recommend
,1,related photo
,3,somebody take care
,1,space passion mine exhibition caixa museum cover
,1,exhibition water
,1,love south america exhibition go
,3,n ' t fancy stuff worry know auto shop ag shop
,1,like vulcanos
,1,would like hear erosion
,1,river passion mine exhibition caixa museum cover
,1,show stuff universe
,1,like discus jungle
,3,saudi border
,2,museum open next saturday
two tickets for the antarctic base exhibition,0,nan
,1,show stuff physic
,1,would advise go flooded forest
,1,ecosystem passion mine exhibition caixa museum cover
,1,would like hear photographer
,1,interesting architecture work
,2,exhibition national geographic
,1,related space
,4,called mao
are there any more tickets for the geological wall exhibition,0,nan
,3,take size paycheck ' s whole lot always paycheck
,2,see universe room jul 29
,1,love light
,2,museum open next weekend
are there any more tickets for the antarctic base exhibition,0,nan
,1,interesting ecology work
a ticket for 08 Jun please,0,nan
five tickets for Apr 10,0,nan
,1,efficiency fascinates
,1,show stuff big bang
,2,visiting museum 19 nov part museum see
,1,big bang passion mine exhibition caixa museum cover
i'd like to get six tickets,0,nan
,4,isaih
,3,think pension ? anything
,4,happening
,2,exhibition building
,1,love science exhibition go
,1,show stuff gravity
,3,encouraged know help course think ' s helping people
,1,like universe
,2,exhibit architecture finish
,4,name anuja
,4,called onika
,1,like discus moon
,1,interested exploration
,3,' ve sitting alternately reading watching television
,4,ferman
,1,would like hear south america
,4,good morning
,3,government full liar thief crook
,2,see geological wall next month
two tickets for 16 May,0,nan
,2,tell antarctic base exhibition
a ticket on Friday please,0,nan
,4,howling
,1,related technology
,1,love think temperature
,1,jungle passion mine exhibition caixa museum cover
two tickets for Apr 19 please,0,nan
three tickets please,0,nan
i want to buy six tickets for the antarctic base exhibition,0,nan
,3,' s kind scary
,1,brazil passion mine exhibition caixa museum cover
,1,love mar
,2,next friday
,3,n ' t know get kind greeting
,1,discussing river one favourite thing
i want to buy five tickets for the exhibition on climate change,0,nan
,3,really help people think
five tickets for Dec 06,0,nan
,1,would like hear big bang
,3,kind neat hobby ?
,1,love cosmos
,3,building contra - building supply place
four tickets for this weekend,0,nan
,3,kind way prevent pregnancy need child n ' t want
i would like to go to the flooded forest exhibition on Tuesday,0,nan
,2,see universe room next sunday
,1,exhibition forest
,2,see geological wall nov 18
,3,n ' t think deserve anything le
four tickets for Oct 10,0,nan
,1,would like learn space
,4,helloo
,3,maybe would chicken something
,2,see universe room jan 17
,1,interesting earthquake work
i want to buy a ticket for the flooded forest exhibition,0,nan
,1,related planet
,2,visiting museum next monday part museum see
how much do four tickets for the museum cost?,0,nan
,1,water interesting
,4,hey
a ticket for next weekend please,0,nan
,3,yes wondering whether favor statehood independence status quo puerto rico
,1,would like learn forest
,2,see geological wall next wednesday
five tickets for this Saturday please,0,nan
,3,look restaurant ?
,3,see know n ' t see n ' t ca n ' t know n ' t see
,2,see universe room 24 feb
,3,see people severely injured badly lose control body function
,2,tell flooded forest exhibition
,1,show exhibit sustainability
,1,like planet
,3,would say go ahead execute person well
,3,oh tr - keep trying anyway ?
,1,want learn life exhibition recommend
,1,love think jungle
,2,tell flooded forest exhibition
,1,would advise go geological wall
,1,show exhibit matter
,1,like discus brain
,2,museum open month
,1,think universe fascinating
two tickets for next Thursday,0,nan
six tickets for this Wednesday,0,nan
two tickets for the exhibition on stars,0,nan
,3,one character call pat n ' t know ' s man woman
five tickets for Jan 16,0,nan
,1,related big bang
,3,president someday maybe
,3,west colorado spring
,1,interesting flooding work
,3,well work ?
,3,guess understand thing could
,1,would like learn efficiency
,1,discussing rock one favourite thing
two tickets for 01 Dec please,0,nan
i want to buy tickets for the exhibition about sun,0,nan
,1,discussing nature one favourite thing
,3,' ve always got got nose tongue pressed window come walking front door
,1,discussing universe one favourite thing
,3,n ' t know attributed think lot woman working
i want to buy four tickets,0,nan
,1,discussing climate change one favourite thing
a ticket please,0,nan
,3,level defined number working adult number child
a ticket for today,0,nan
a ticket for this week please,0,nan
,1,love sun
five tickets for this Tuesday please,0,nan
,2,see sustainable building 16 mar
,1,erosion fascinates
five tickets for next week,0,nan
,2,see antarctic base 12 dec
i'd like to get five tickets please,0,nan
,2,visiting museum next tuesday part museum see
,3,mean one said sure know
,1,would like learn big bang
,3,wife agnostic ' m backsliding presbyterian
five tickets on Friday please,0,nan
,3,get job university ' ve got ten year probation
,2,see universe room next weekend
,1,like discus space
five tickets for the universe room exhibition,0,nan
,3,money ' s available
,3,make little active television
,3,put nice fence still lot privacy grow lot food
,2,see antarctic base saturday
one ticket for the caixa museum please,0,nan
,1,like photo
one ticket for Sep 04 please,0,nan
,3,start new job tomorrow take house four day week
,3,n ' t kno idea
,4,good seeing
,2,see sustainable building next friday
,2,see sustainable building friday
,2,artist showing
i'd like to get two tickets,0,nan
,2,see geological wall next weekend
,1,like discus rock
,4,called anuja
,1,ecology interesting
,3,part school system ?
one ticket for Nov 02,0,nan
,1,want learn efficiency exhibition recommend
,3,big ' s big thing live one bedroom ' m single
,1,love nature exhibition go
,1,show exhibit rock
three tickets for this Friday,0,nan
,1,would like learn nature
,4,jane
,1,would like learn photo
,1,related photographer
three tickets for Mar 24,0,nan
,3,feel going stuff
,1,show exhibit erosion
,3,think well word
,4,nice meeting
,3,okay well basically like comedy show
i want to buy one ticket,0,nan
,4,name shawn
,1,love think exploration
,1,like discus architecture
,4,crash
,4,called isabela
,4,name isabela
,1,show stuff amazon
,2,see sustainable building may 24
,2,next monday
,1,interesting climate work
,2,universe room exhibit start
,1,show exhibit animal
i want to go on 10 Sep are there tickets for that day,0,nan
,2,museum open apr 23
,2,see antarctic base next month
,2,tell universe room exhibit
six tickets for next Wednesday please,0,nan
,3,thing
,1,evolution passion mine exhibition caixa museum cover
,3,know comedy like joke know gag stuff like
,4,name coulter
,4,like ya doin
,2,museum open monday
,3,oh ' s right think recall reading paper
,4,called jenilyn
,1,like discus flooding
,1,interesting universe work
,1,exhibition evolution
three tickets for Oct 22 please,0,nan
,3,lot kind worked way college mechanic kid
are tickets available for the exhibition about cosmos,0,nan
,3,anyway french movie
i want to buy a ticket for next Monday,0,nan
,1,think biodiversity fascinating
i want to buy six tickets for the flooded forest exhibition,0,nan
a ticket for next Saturday,0,nan
,3,like said would really lot second thought put family member
,1,want learn sun exhibition recommend
i want to buy three tickets for the exhibition about light,0,nan
,3,peru recently following middle east rather
,2,visiting museum 06 jan part museum see
,3,want get drunk
,2,see geological wall apr 07
,2,see universe room next saturday
,3,li - phone long time ?
,2,14 jan
,3,tax administered rental company actually managing apartment
,1,like discus photo
,3,well a - economic standpoint pure safety know
,1,physic fascinates
,2,see sustainable building week
i want to buy two tickets for the exhibition about national geographic,0,nan
,2,museum open 21 nov
,3,say n ' t money
i want to buy five tickets for the universe room exhibition,0,nan
,1,exhibition matter
,1,want learn matter exhibition recommend
,3,' s ' s feeling great today
,2,see geological wall apr 06
,1,cosmos passion mine exhibition caixa museum cover
,2,see flooded forest next monday
one ticket for Mar 12,0,nan
i want to buy three tickets for the exhibition about cosmos,0,nan
i want to buy five tickets for the exhibition about big bang,0,nan
,1,like climate change
i want to buy five tickets for the antarctic base exhibition,0,nan
,4,called lindzy
,3,could disap - gotten away lunch time
,1,like sun
,3,go right personnel got form personnel maybe
could i please get one ticket,0,nan
i want to buy four tickets for the exhibition about evolution,0,nan
,3,right let ' s put guess
,2,museum open next wednesday
,2,may 06
,3,ju - knowing know get one bolt one
how much do five tickets for the museum cost?,0,nan
,4,called deric
three tickets for this weekend please,0,nan
,2,see flooded forest apr 08
,2,see geological wall 19 oct
a ticket for the flooded forest exhibition,0,nan
,1,would like learn ecosystem
,1,interested building
,3,noticed parent spending time
,3,' s probably true n ' t hungry n ' t meal went bought
,2,05 sep
,2,visiting museum feb 11 part museum see
,3,get three year probation
,1,exhibition cosmos
,2,see flooded forest may 08
,1,discussing environment one favourite thing
i would like to go to the flooded forest exhibition next month,0,nan
,1,show stuff climate
,2,exhibit biodiversity finish
,1,think landscape fascinating
,1,science interesting
,2,see sustainable building next monday
,1,interesting biodiversity work
,1,vulcanos interesting
,1,want learn universe exhibition recommend
i want to buy two tickets for the sustainable building exhibition,0,nan
,3,mean n ' t seen couple month
,3,someone come design going make one
,1,like discus cosmos
,1,want learn flooding exhibition recommend
,2,exhibit gravity finish
,1,show stuff national geographic
,1,show exhibit light
,1,related exploration
tickets for the geological wall exhibition,0,nan
,1,discussing big bang one favourite thing
,1,show stuff matter
,4,siaosi
,1,discussing erosion one favourite thing
,1,love think rock
two tickets for 08 Jul please,0,nan
,4,good night
,2,tell universe room exhibition
,2,museum open week
,3,despite belief one charismatic christian faith
,2,see sustainable building aug 25
,2,see universe room next thursday
i want to buy five tickets for the exhibition on rivers,0,nan
six tickets for 26 Oct please,0,nan
,1,exhibition temperature
,3,whip head
,2,see antarctic base next saturday
,4,name boaz
,1,exhibition sun
,4,nice see
,3,pattern behavior mean ?
,1,love think matter
,1,would like learn environment
i would like to go to the universe room exhibition on 19 Oct,0,nan
,4,call deric
a ticket for Apr 15,0,nan
,2,thursday
,1,like exploration
,1,show stuff technology
five tickets for Jan 17 please,0,nan
,1,planet fascinates
,3,right ' s sharing
,4,call dimitrios
one ticket for Apr 14 please,0,nan
i want to buy tickets for Monday,0,nan
five tickets for Sep 18,0,nan
,1,interested amazon
,1,show stuff education
,4,call dinesh
,1,related star
four tickets for next Saturday please,0,nan
,1,brain fascinates
four tickets for Sep 16,0,nan
,1,would like hear rock
,1,like star
,2,see geological wall next week
,4,name dimitrios
,4,everything
,1,love think star
,2,monday
,1,related national geographic
one ticket for Dec 28,0,nan
,3,well say think read recently bush administration increased funding peace corp
,1,love think nature
could i get one ticket,0,nan
,3,okay know like two like three continent always fighting
could i please get two tickets,0,nan
,2,see sustainable building friday
,2,visiting museum oct 05 part museum see
,2,exhibition brain
three tickets for Dec 18 please,0,nan
a ticket for this Sunday,0,nan
,3,yes wish answer everybody
,1,love technology
,2,museum open 17 jun
i want to go on 14 Jul are there tickets for that day,0,nan
,4,boaz
can i get a ticket please,0,nan
,1,show exhibit jungle
,1,like discus earthquake
i would like to go to the antarctic base exhibition tomorrow,0,nan
,1,architecture fascinates
,3,oh ' s ' s lure
,1,temperature interesting
,2,museum open 26 may
a ticket for next Saturday please,0,nan
i want to buy five tickets for the exhibition about education,0,nan
,1,love gravity
,4,name jane
six tickets for the flooded forest exhibition,0,nan
,1,evolution interesting
,4,called keitha
,3,twenty buck whack
,1,national geographic passion mine exhibition caixa museum cover
,2,see universe room 20 apr
,1,flooding passion mine exhibition caixa museum cover
,1,like ecosystem
,1,show stuff organism
,1,discussing photographer one favourite thing
two tickets for the exhibition on amazon,0,nan
,2,visiting museum friday part museum see
tickets for the sustainable building exhibition,0,nan
,3,tell something next time go ' s thing know
,1,show exhibit star
,1,technology fascinates
,3,n ' t know judge might little cold - blooded
five tickets please,0,nan
,2,see universe room thursday
,1,want learn exploration exhibition recommend
,2,museum open sunday
i want to buy one ticket for the exhibition about physics,0,nan
,3,exposure know worldliness speak
,1,think national geographic fascinating
,1,amazon passion mine exhibition caixa museum cover
,1,exhibition gravity
,1,discussing photo one favourite thing
,1,would like learn vulcanos
three tickets for Jan 14,0,nan
,1,want learn landscape exhibition recommend
,3,found experience budget time
,1,would like hear star
one ticket for 05 Dec please,0,nan
tickets for the exhibition about light,0,nan
,1,interested life
,1,related gravity
,2,see antarctic base 02 nov
,3,told said could tell fifteen minute place go
,3,make ease know knew n ' t going lose job unless really something horrendous
,1,show exhibit life
,2,see geological wall 05 sep
,1,love big bang
,1,show stuff jungle
,1,like discus sustainability
,1,show exhibit climate change
,1,physic interesting
,4,crash
,2,see sustainable building 04 may
i'd like three tickets please,0,nan
six tickets for Jul 25 please,0,nan
,1,love space
,1,universe interesting
,1,discussing brain one favourite thing
one ticket for 23 Jul,0,nan
three tickets for today please,0,nan
a ticket on Tuesday please,0,nan
,3,memorable somehow n ' t know
one ticket for 02 May please,0,nan
,3,speech signal said
,1,love technology exhibition go
,2,see geological wall saturday
,1,planet interesting
i want to buy tickets for the exhibition on nature,0,nan
,2,exhibition photo
,3,well actually fall church virginia outside city
,2,museum open apr 01
,3,right tell people feel sorriest ' s guy particular one go
,1,want learn technology exhibition recommend
i want to go next weekend are there tickets for that day,0,nan
i want to buy three tickets for the exhibition on temperature,0,nan
,2,see sustainable building 05 sep
,3,like tennis mean ' m n ' t played year like watch know
,4,called agnieszka
i want to buy three tickets for the exhibition on life,0,nan
,1,want learn earth exhibition recommend
,3,degree think kind bizarre
,4,g  day
,3,think know read something think time magazine protest
,1,like water
,3,go fantastic
,2,see flooded forest thursday
,1,love think animal
,1,show exhibit plant
three tickets for the sustainable building exhibition,0,nan
five tickets for Oct 15 please,0,nan
five tickets for 21 Oct please,0,nan
how much do six tickets for the museum cost?,0,nan
,3,course ' ve looking since ' m yellow badger
,2,see sustainable building monday
,3,least one service every sunday
one ticket for the geological wall exhibition,0,nan
,1,want learn national geographic exhibition recommend
,1,would like learn sustainability
,4,tyeshia
,1,discussing sustainability one favourite thing
,2,museum open jan 26
,3,' s really shame
,1,love national geographic exhibition go
two tickets for 19 May,0,nan
,3,lot common sense
,1,want learn space exhibition recommend
,3,well dental
,1,discussing landscape one favourite thing
i want to buy four tickets for the universe room exhibition,0,nan
,3,' s okay u go extend youth ' s life like much water desert
,1,would like hear science
,1,love architecture exhibition go
one ticket for the exhibition about education,0,nan
three tickets for the exhibition on sun,0,nan
,2,week
,2,see antarctic base saturday
,3,oh sound great well also five child
,4,name shauntay
,1,want learn climate change exhibition recommend
,1,love matter exhibition go
,1,love forest exhibition go
,2,see antarctic base 21 sep
three tickets for next Friday please,0,nan
,4,mao
,1,love think climate
,1,like discus nature
,4,nice see
,1,love amazon exhibition go
,1,show exhibit earthquake
,1,show exhibit physic
,1,would like hear ecology
,2,exhibition sustainable building
,3,top make child feel inferior
,3,actually one one favorite chain shoney ' s
,1,brazil fascinates
,3,' s many people actually get killed
three tickets for the geological wall exhibition,0,nan
,3,thing shrimp one else
,1,related environment
,1,show stuff planet
,2,visiting museum tomorrow part museum see
,1,love organism exhibition go
,1,think education fascinating
i want to buy two tickets for the exhibition on landscape,0,nan
,3,mild say light weight lifting nothing ' m trying make big bulging muscle
i want to buy five tickets,0,nan
,3,think ' s true
,1,discussing building one favourite thing
,2,see geological wall nov 03
,3,plea bargain guilty know
,2,see sustainable building thursday
,2,visiting museum next sunday part museum see
,4,shauntay
,2,05 aug
,2,exhibit light finish
,1,exhibition environment
,2,see geological wall next tuesday
,3,easiest way maybe n ' t think ' s monetary thing
,1,want learn light exhibition recommend
i want to buy a ticket for the exhibition on temperature,0,nan
two tickets for 09 Mar please,0,nan
,3,go different country see fact saw interview v night patrick swayze
i want to buy tickets for the exhibition on mars,0,nan
,1,would advise go sustainable building
,1,related cosmos
,4,nan
,4,
,1,think mar fascinating
three tickets for next Sunday,0,nan
,2,see flooded forest apr 20
,2,see flooded forest jun 29
,2,would like see schedule
,1,like jungle
five tickets for 13 Sep please,0,nan
,1,like national geographic
i would like to go to the universe room exhibition this Sunday,0,nan
three tickets for this month please,0,nan
,1,like discus temperature
,4,call casimiro
,4,call coulter
four tickets for 20 Oct,0,nan
,1,show exhibit building
,1,love rock
,3,someone stuc - held seven eleven think
,1,show stuff animal
,1,show stuff vulcanos
five tickets,0,nan
,3,really felt kind cynical n ' t peace ever
,2,exhibition best suited child
,3,' ve got twelve ticket mail ' ve mumblex ?
,4,name lindzy
,1,think south america fascinating
,3,' ve got two older car one ' s seventy - seven one ' s seventy - eight
,2,see flooded forest 14 apr
,3,' ve cholesterol checked time ' ve never like know one - hundred fifty
,2,exhibit climate finish
,1,want learn nature exhibition recommend
,2,see antarctic base may 09
,1,photographer passion mine exhibition caixa museum cover
,3,oh okay first person ' ve talked outside texas
,4,name mao
,3,first time really landscape house house like farm house ' s main road
,2,exhibition erosion
,3,' s definitely ready get run around
a ticket for next Thursday,0,nan
four tickets for 24 Jan,0,nan
a ticket for Dec 06 please,0,nan
,1,interesting light work
,4,dinesh
,1,interesting brain work
,2,exhibition sustainability
five tickets for next Friday please,0,nan
i would like to go to the geological wall exhibition next week,0,nan
,1,interesting environment work
,1,like ecology
,2,may 08
,3,know although would n ' t want mumblex make people go military voluntarily
five tickets for Dec 05 please,0,nan
,1,would like learn ecology
three tickets for May 28,0,nan
,1,think photographer fascinating
,3,started working worked job moved new house quit job inconvenient
,1,related physic
,1,earthquake fascinates
i'd like a ticket,0,nan
,3,' s fly call pattern
i want to buy one ticket for the exhibition on universe,0,nan
,3,would hate anyone put one
,2,see antarctic base next week
,1,love think climate change
,2,see sustainable building 26 apr
i'd like to get four tickets please,0,nan
,3,n ' t child around ?
i want to buy a ticket,0,nan
,3,believe would probably tend towards
,3,well florida seems like two three time year ' s constantly
,1,love organism
i would like to go to the universe room exhibition on 19 Jul,0,nan
,3,hard time getting folk thought well every - er gone home
,1,want learn plant exhibition recommend
,1,love brazil
five tickets for the exhibition on erosion,0,nan
one ticket for 26 Jun,0,nan
,1,want learn vulcanos exhibition recommend
,3,always wonder someone repair little thing like
,1,organism passion mine exhibition caixa museum cover
,2,museum open wednesday
,2,see antarctic base jan 16
,1,love ecology
,2,see universe room 11 nov
,1,want learn sustainability exhibition recommend
,2,see antarctic base 07 mar
,2,museum open next tuesday
,1,love think sun
,1,discussing earth one favourite thing
,3,thing six man jury ?
,1,would like learn building
six tickets for today please,0,nan
,1,like education
,1,like nature
,3,want go flying
i want to go this Tuesday are there tickets for that day,0,nan
,1,discussing science one favourite thing
,2,exhibition science
,1,love planet exhibition go
,3,cool man ' s really porked guess
,2,see antarctic base jan 27
,1,love sun exhibition go
i would like to go to the antarctic base exhibition on 19 May,0,nan
,1,like physic
,4,going say hi
,3,enjoyed talking pet
,2,museum open may 09
,4,andreia
i want to buy a ticket for the exhibition on gravity,0,nan
,4,nice see
two tickets for Dec 27 please,0,nan
two tickets for Jan 22 please,0,nan
,2,tell flooded forest exhibit
,4,hellooo
,2,see geological wall 21 dec
,1,show stuff sustainability
,4,hi
,2,see flooded forest friday
,3,kind hard notice dad n ' t around
,2,see geological wall dec 12
i want to buy three tickets for the sustainable building exhibition,0,nan
,3,year life much
,1,interesting life work
,3,n ' t like
,3,whatever n ' t want make read somewhere though ' s point guess
,2,visiting museum next saturday part museum see
,1,related river
,3,always like musical
a ticket for Jun 06 please,0,nan
,1,show stuff forest
,1,exhibition efficiency
,2,exhibition matter
,1,related flooding
,3,camping eating
,3,' s kind hard elderly person sometimes totally dependent
,1,love architecture
,1,national geographic interesting
i want to buy tickets for the exhibition about light,0,nan
,3,came remodeled whole place
,3,still would hate jury sentenced someone
,1,love brain exhibition go
,1,show exhibit planet
,2,see sustainable building next sunday
i want to buy tickets for the exhibition about environment,0,nan
six tickets for 23 May please,0,nan
five tickets for Jan 06 please,0,nan
four tickets for Sep 03,0,nan
,1,like environment
,1,love brain
,1,show exhibit biodiversity
five tickets for Jun 23 please,0,nan
,1,would like learn flooding
,3,definitely
six tickets for 13 Dec please,0,nan
,1,show exhibit environment
three tickets for Monday please,0,nan
,3,well little ' m trying get get ready early
,3,oh well ' s bad person definitely
,1,interested light
three tickets for this Saturday,0,nan
,1,would like hear cosmos
,2,see flooded forest 11 dec
,2,see universe room next tuesday
,3,think ?
,1,would like hear brain
four tickets for the exhibition on universe,0,nan
,2,museum open sunday
,4,new ?
six tickets for Sep 05,0,nan
,1,like discus rock
,2,exhibit photographer finish
,3,sort run thirty foot cable
,1,building passion mine exhibition caixa museum cover
,4,called ezequiel
,1,would like learn education
,2,see universe room saturday
,3,righty think russia ' s still threat ?
,1,love think ecosystem
,1,discussing star one favourite thing
five tickets for this weekend please,0,nan
,1,exhibition brazil
,4,agnieszka
six tickets please,0,nan
a ticket for 09 Dec,0,nan
,1,think brazil fascinating
three tickets for 23 Jul,0,nan
,1,related light
,4,christyna
,4,regard
i need four tickets,0,nan
,1,would like learn biodiversity
are tickets available for the exhibition about erosion,0,nan
,2,see antarctic base 01 may
i'd like four tickets,0,nan
,1,show exhibit efficiency
,3,appalled paying could n ' t believe
,2,aug 31
,1,exhibition physic
,1,show stuff climate change
,3,' s big enough intimidating
,4,hello
,2,see geological wall next monday
,1,interested vulcanos
,2,see geological wall thursday
,1,like discus organism
,1,discussing vulcanos one favourite thing
,1,gravity interesting
,1,think ecology fascinating
,1,love photo exhibition go
six tickets on Tuesday,0,nan
,1,love building
,1,like discus science
i want to buy a ticket for the exhibition on south america,0,nan
,2,see universe room month
,3,well ' s ' s best system ' s best one world
three tickets for Monday,0,nan
,2,see sustainable building thursday
,4,everything going
,3,must say interesting
,2,worked sustainable building exhibition
,3,would would feel guilty
,1,think rock fascinating
,2,see sustainable building nov 13
,1,show stuff evolution
,3,like also dog maybe need home wash
,3,inside jail n ' t think ' s real rehabilitation
,3,similar experience grew farm always outdoor pet
,3,well frankly think school teacher ought get ten time getting paid
,1,would like hear earth
,1,would like hear education
,2,visiting museum jan 06 part museum see
,3,know want privacy fence
one ticket please,0,nan
six tickets for 04 May please,0,nan
five tickets for next weekend,0,nan
i would like to go to the antarctic base exhibition on Saturday,0,nan
two tickets for Mar 11 please,0,nan
,1,organism fascinates
,2,see antarctic base month
,3,hoping something cut
,4,goin
,1,moon fascinates
,2,tell sustainable building exhibit
,2,see flooded forest next tuesday
two tickets for the flooded forest exhibition,0,nan
five tickets for Jul 21,0,nan
,1,exhibition biodiversity
,3,gee know n ' t terrible
,1,love education exhibition go
,1,exhibition national geographic
,1,love amazon
i want to buy three tickets,0,nan
,3,learn lot way ' s way could could fix every car world know
,1,like discus gravity
i would like to go to the sustainable building exhibition this Monday,0,nan
,1,like landscape
one ticket on Saturday,0,nan
,2,see universe room next week
,1,like flooding
,1,related sustainability
,2,museum open 27 feb
,3,well get get pressurized lumber
,3,happens built shopping center next
,1,show stuff plant
two tickets for next month,0,nan
,2,visiting museum saturday part museum see
,1,show stuff ecology
i want to buy five tickets for the exhibition on amazon,0,nan
,2,see sustainable building today
six tickets on Friday please,0,nan
,1,love think flooding
,3,oh really like cross - pollination
,2,see universe room apr 01
,3,mesa verde park like end ju - july fourth
,3,oh well made fifty
,1,would like learn organism
,4,new
,3,know mean dallas supervisor four non exempts
i would like to go to the sustainable building exhibition on Thursday,0,nan
a ticket for Sep 23,0,nan
,2,many exhibition cosmocaixa
six tickets for the sustainable building exhibition,0,nan
,3,' m sure stepdaughter home ?
,4,good afternoon
,1,love south america
,1,love think life
,1,like discus photographer
,3,' ve always gone u
four tickets for next Friday,0,nan
i would like to go to the universe room exhibition on Monday,0,nan
,2,exhibit rock finish
,1,interested matter
,3,' s lucked dad worked braniff kid got know air fare free got ...
,3,would probably tear apart
could i please get four tickets,0,nan
i'd like three tickets,0,nan
,3,get boring n ' t go ahead
,1,would like learn evolution
,2,see sustainable building sunday
one ticket for Oct 19 please,0,nan
,2,see universe room friday
,1,interested national geographic
two tickets for this week please,0,nan
,1,love jungle
,3,said probably friend television
i want to buy tickets on Wednesday,0,nan
,2,see sustainable building month
,1,think water fascinating
,3,' s grand pull
,3,track sh -
,1,interesting education work
,1,show stuff sun
,2,see sustainable building may 14
,3,tha - come everybody lawyer know know
,3,thing going know would love help somebody know
,1,national geographic fascinates
,1,interested biodiversity
,1,like discus earth
five tickets for this Sunday please,0,nan
,1,help decide
,3,oh ' s really weird
two tickets,0,nan
,1,interested river
,1,interested photo
,1,think climate change fascinating
a ticket for Jul 24,0,nan
,1,show stuff nature
,1,show exhibit south america
five tickets on Friday,0,nan
,3,want go adventure
,1,love environment
,1,think nature fascinating
,2,museum open tomorrow
,4,
,1,show stuff water
,2,see antarctic base 27 jan
,1,want learn environment exhibition recommend
six tickets for the exhibition on universe,0,nan
,2,museum open next sunday
six tickets for 03 Jul please,0,nan
,3,know
,2,see antarctic base sep 06
,3,know summer vouch
,1,show stuff rock
,1,discussing moon one favourite thing
,1,want learn brazil exhibition recommend
,3,' s n ' t hate charge someone else ' s life
,1,discussing amazon one favourite thing
,4,nice meet
,1,earth passion mine exhibition caixa museum cover
,1,love earth
,2,see sustainable building sunday
two tickets for this Tuesday please,0,nan
,3,mean back show see show lost fat ?
four tickets for Oct 08 please,0,nan
,1,discussing ecosystem one favourite thing
,1,love efficiency exhibition go
,3,although usually guy turning guy know going get caught anyways
,4,shawn
i would like to go to the antarctic base exhibition on 27 Mar,0,nan
one ticket for Mar 09,0,nan
six tickets for next Friday please,0,nan
,1,flooding interesting
,3,mom dad curse
are there any more tickets?,0,nan
,3,think would good experience
,3,able display
five tickets for next Tuesday please,0,nan
,3,would never love country much symbol mean lot
,1,interesting building work
,1,would like hear climate change
,4,jacen
three tickets for 24 Jan please,0,nan
,2,see universe room tomorrow
,4,call sanjuana
,2,see flooded forest sunday
,2,flooded forest
,1,show exhibit photo
,3,' s excuse ' s bumble pattern ' s mosquito pattern ' s wasp pattern ' s grub pattern
,1,climate change fascinates
,1,exhibition building
,1,love think technology
,1,think jungle fascinating
,3,' s ' ve never heard good story
,1,love think building
four tickets for 01 Mar,0,nan
,1,interesting big bang work
,3,mean individual business
,1,would like hear planet
,1,exhibition mar
,1,interested gravity
,3,got get ' s going ' ve got twist arm get go
,3,know trip fun
i want to go to the museum are there any tickets this week?,0,nan
,3,watch cat tear
,1,would like hear brazil
,1,interested mar
,1,love think architecture
,1,interesting organism work
,1,like discus plant
,2,visiting museum feb 01 part museum see
,1,flooding fascinates
,3,think anybody work kind service community something
,3,well could could see would important
,2,see antarctic base next tuesday
three tickets for Apr 07 please,0,nan
,4,called ferman
,1,science passion mine exhibition caixa museum cover
,4,called christyna
,2,museum open apr 14
,4,going on ?
,3,know different thing restricted certain crime ?
i want to buy three tickets for the exhibition on floodings,0,nan
,2,see antarctic base friday
,2,visiting museum 03 jan part museum see
,1,jungle interesting
,2,exhibition universe
,3,wha - taking school
,4,good see
,1,environment fascinates
,1,exhibition landscape
,1,would like hear moon
,1,rock interesting
i'd like to get three tickets,0,nan
,3,
,3,mail order one ' ve dealt rose offer first summer
,3,well saw red flag represents
three tickets for this Friday please,0,nan
six tickets for 27 Jan,0,nan
,4,ezequiel
,1,forest fascinates
,1,related earthquake
i want to buy a ticket for the exhibition about exploration,0,nan
,1,show exhibit ecology
,1,think light fascinating
,2,see geological wall 14 nov
,3,know certain
,1,want learn building exhibition recommend
,1,south america interesting
three tickets for next Monday please,0,nan
are there any more tickets for the sustainable building exhibition,0,nan
,1,love water exhibition go
i want to buy one ticket for the exhibition on climate,0,nan
,1,like discus matter
,2,see sustainable building saturday
,2,see sustainable building aug 07
three tickets for Nov 06,0,nan
three tickets for Aug 17 please,0,nan
i'd like a ticket please,0,nan
,3,worked way engine n ' t know long ' m
,2,see sustainable building next tuesday
a ticket for this Wednesday please,0,nan
,1,south america fascinates
,2,see sustainable building jan 05
i want to buy a ticket for the exhibition about landscape,0,nan
,2,see geological wall tomorrow
,1,discussing matter one favourite thing
,1,related landscape
,1,space interesting
,3,know something v show
,4,seen long time
,2,saturday
,2,see antarctic base next wednesday
,4,good morning
,2,future show
two tickets for 11 Aug please,0,nan
two tickets for this Sunday please,0,nan
,1,discussing physic one favourite thing
,3,state income tax
one ticket,0,nan
,1,sustainability interesting
,2,museum open 21 mar
four tickets for the antarctic base exhibition,0,nan
,3,really ' m kind open food ' m might call culinary adventurer
,1,love think plant
,2,sustainable building exhibit start
,1,show exhibit moon
one ticket for Nov 19,0,nan
,1,physic passion mine exhibition caixa museum cover
six tickets for the caixa museum please,0,nan
,3,pay straight five dollar anything doctor visit drug
two tickets for this Friday please,0,nan
,3,' s exactly trying get
,4,anuja
,1,like discus amazon
,1,show stuff brain
,1,interested efficiency
i want to buy two tickets for the exhibition on sun,0,nan
,1,show exhibit cosmos
,1,evolution fascinates
,3,quit company
a ticket for 27 Oct please,0,nan
,1,sustainability fascinates
,1,would like hear climate
,1,would like learn brazil
,3,know sat know dropped car tire something like
five tickets for 09 Mar,0,nan
,1,exhibition climate
,1,love think south america
,2,exhibit brazil finish
,1,love think erosion
,2,tell antarctic base exhibit
,2,see universe room friday
,2,exhibition climate change
,2,see sustainable building 06 may
,2,see flooded forest monday
,2,see universe room may 24
i would like to go to the universe room exhibition on Feb 13,0,nan
,1,love evolution
,4,called shawn
three tickets for this Tuesday,0,nan
,1,love space exhibition go
,3,one home owner got taxed death
,1,like space
,2,next week
,1,like discus technology
,1,would like learn technology
,1,love flooding
,2,see antarctic base next thursday
,2,see universe room nov 15
,3,different circumstance call different thing
,1,love sustainability
,3,' s great always thought would great twin
,4,good evening
i'd like to get one ticket please,0,nan
,1,love think water
,4,help me ?
,3,know higher echelon
,3,kind waste person
,1,exhibition moon
,1,interesting landscape work
,1,like discus evolution
,1,discussing ecology one favourite thing
,4,call buford
,3,went one saying guilty innocent guilty innocent
,2,see antarctic base nov 19
,1,related earth
,2,exhibit temperature finish
,4,good night
,1,discussing life one favourite thing
,2,see flooded forest jan 09
,3,kid home morning ...
,1,love think amazon
,2,exhibit vulcanos finish
,2,see flooded forest tomorrow
,1,think flooding fascinating
two tickets for Oct 17,0,nan
i want to buy four tickets for the antarctic base exhibition,0,nan
,2,jun 01
i'd like one ticket please,0,nan
,2,see sustainable building next wednesday
,1,like forest
,3,well little routine warm ups
,3,well said w - happened lunch time
,2,see universe room wednesday
,2,jul 21
,3,would prefer mean sometimes ' ve said let ' s keep interested country
six tickets on Sunday,0,nan
,2,exhibit moon finish
,3,actually spending thirty - three percent ' s real dollar know
,4,hellooo
,1,show stuff environment
,2,museum open next month
,4,how ' ve
,2,museum open 02 jul
,3,normal driving n ' t especially hot day pressure would get high enough
one ticket for next month,0,nan
,2,visiting museum next month part museum see
,1,sun fascinates
,2,see flooded forest next week
,2,see flooded forest next wednesday
,4,nice seeing
,4,call christyna
,3,many boy room child high school junior
,1,show exhibit gravity
,2,see antarctic base apr 05
,1,love think science
two tickets for 30 Sep,0,nan
four tickets on Thursday,0,nan
i want to buy five tickets for the exhibition about physics,0,nan
,2,see antarctic base apr 20
,3,' s plus oh total five child three left living home
,1,would like hear exploration
,1,like photographer
,1,show exhibit science
i want to buy tickets for the geological wall exhibition,0,nan
,4,
i want to buy three tickets for the geological wall exhibition,0,nan
six tickets for Dec 14 please,0,nan
,2,see universe room 24 jul
,1,love river
,2,exhibit national geographic finish
,3,lot growing
four tickets for next Monday please,0,nan
,2,museum open sep 22
,1,interesting planet work
,2,see sustainable building next thursday
,1,recommend exhibit
,1,like discus light
,1,show exhibit sun
,2,see universe room 09 oct
i would like to go to the sustainable building exhibition on Jul 19,0,nan
,2,visiting museum mar 01 part museum see
i would like to go to the antarctic base exhibition on May 13,0,nan
,1,interesting cosmos work
,4,greet
,1,love think rock
,4,deric
,2,exhibition light
,3,agree group ' m part go month call heritage house
a ticket for this Monday please,0,nan
,2,see sustainable building tomorrow
,3,thing gave guy power material told go know
,2,see flooded forest 25 jan
a ticket for Dec 17 please,0,nan
four tickets for 03 Jul please,0,nan
i would like to go to the universe room exhibition next month,0,nan
,3,oh oh absolutely go year year cost hundred thousand dollar taxpayer money
,1,interesting evolution created many specie
i wish to buy caixa museum tickets,0,nan
,4,name siaosi
,3,right like convicted certain crime automatically get many year ' s discretionary thing
,2,see flooded forest tuesday
,3,okay well see saw
,1,discussing light one favourite thing
,1,love universe
four tickets on Thursday please,0,nan
,1,like discus south america
,1,interested earth
five tickets for Aug 10,0,nan
,2,visiting museum friday part museum see
,1,temperature passion mine exhibition caixa museum cover
,2,see geological wall dec 03
,3,time get incredibly hot
,3,asked anywhere n ' t go alone
a ticket for the sustainable building exhibition,0,nan
,1,life interesting
,1,architecture interesting
,2,wednesday
,3,house main road nothing
,1,interested architecture
,2,see geological wall feb 11
,1,think space fascinating
,2,mar 28
,1,plant interesting
,4,name buford
,2,see sustainable building next week
,1,think amazon fascinating
four tickets for tomorrow,0,nan
,1,love plant exhibition go
,1,would like learn life
,1,love rock exhibition go
three tickets for the antarctic base exhibition,0,nan
four tickets for the sustainable building exhibition,0,nan
,3,think would rather jail
,1,love nature
,2,antarctic base exhibit start
,4,you ?
two tickets for next Saturday,0,nan
,2,exhibit exploration finish
,1,show exhibit photographer
,1,would like hear gravity
,1,education interesting
,3,miss ' m originally texan miss home cooked mexican
,1,love big bang exhibition go
,2,see antarctic base next sunday
,3,get bad situation without go phone booth stand around wait
,2,exhibition amazon
,1,like discus ecosystem
,3,kid n ' t responsibility
three tickets for Aug 23,0,nan
,3,' s great ' s kid come home n ' t mother
,1,show exhibit earth
,1,love think cosmos
,1,interesting photographer work
,3,think n ' t sinking
,4,life treating
,3,look ?
,2,see antarctic base 28 oct
,3,lawyer background law background right
five tickets for the geological wall exhibition,0,nan
,4,name jacen
,1,would advise go universe room
i would like to go to the antarctic base exhibition this month,0,nan
,1,would like learn river
,2,see universe room mar 12
,4,nice meet
one ticket for Sep 18 please,0,nan
,3,looking twenty - two thousand dollar tuition room board
,3,know harm whereas sometimes ca n ' t even get kid know
,1,show stuff space
,2,museum open friday
,3,industrial marketing
,4,name isaih
,1,love think space
three tickets for 12 Aug please,0,nan
,2,see sustainable building next saturday
,3,spent couple year plano texas
,2,see geological wall friday
,2,museum open mar 21
,2,see geological wall jan 24
,1,water fascinates
,1,interesting gravity work
,1,show stuff star
i want to buy four tickets for the exhibition about rocks,0,nan
one ticket for Feb 06 please,0,nan
could i get six tickets,0,nan
,2,see geological wall 25 sep
,3,like constantly seemed like
,4,isabela
,4,lovely day
,3,hence possible error see ironside
i want to buy a ticket for the sustainable building exhibition,0,nan
one ticket for next week,0,nan
,1,love exploration exhibition go
,4,greeting
four tickets for next Thursday please,0,nan
,2,see geological wall tuesday
,3,go kid though ?
i want to buy two tickets for the geological wall exhibition,0,nan
,3,well know time enough
,4,lindzy
,2,see geological wall 02 mar
,1,love earthquake exhibition go
i'd like five tickets,0,nan
i'd like to get a ticket please,0,nan
,1,biodiversity interesting
,1,like sustainability
,1,would like hear mar
,1,related evolution
,1,like amazon
,2,tell antarctic base exhibition
,2,see universe room 21 feb
,1,love rock
,3,' ve twelve year ' m sure ' ve
,1,like earthquake
,2,exhibition physic
one ticket for this Sunday please,0,nan
,1,would like learn erosion
one ticket for Feb 02 please,0,nan
,3,new york state know ' m ' m second lieutenant air force
,1,love think evolution
six tickets for 30 Sep,0,nan
,1,brain passion mine exhibition caixa museum cover
,4,heya
,4,
i want to buy tickets for the universe room exhibition,0,nan
,1,sustainability passion mine exhibition caixa museum cover
,4,good
one ticket for 06 Sep,0,nan
,1,love plant
,1,love temperature
,1,discussing organism one favourite thing
i want to buy tickets for the exhibition about animals,0,nan
,1,would like learn sun
,1,would like learn landscape
,2,exhibit climate change finish
,2,museum open next thursday
,1,interesting national geographic work
,2,see flooded forest 24 may
,3,know still stan - flag stand guess
a ticket for Oct 21,0,nan
,3,casting weight line
,2,mar 21
a ticket for Dec 07,0,nan
,3,best could home
,2,see geological wall mar 01
,2,see universe room tuesday
six tickets for next week please,0,nan
,1,love think mar
four tickets for next Monday,0,nan
,1,related erosion
,1,interesting river work
five tickets for Jul 02,0,nan
two tickets for this Wednesday please,0,nan
,3,' s ' s mustang two barrel carburetor
,3,instruct - professor
,2,see flooded forest weekend
five tickets for the exhibition on efficiency,0,nan
,3,well girl age
,2,see geological wall thursday
,1,think erosion fascinating
,1,would like hear biodiversity
,1,exhibition ecology
,1,earth fascinates
,2,tuesday
,1,interesting moon work
i want to buy three tickets for the universe room exhibition,0,nan
,1,plant passion mine exhibition caixa museum cover
,3,oh see fresh dirt
,1,think temperature fascinating
,3,think ' s ' s ' s ' s taxpayer ' s money somebody
six tickets for 15 May please,0,nan
,1,moon passion mine exhibition caixa museum cover
,2,see sustainable building 16 dec
,2,see flooded forest week
,2,museum open 14 dec
,4,greeting
,3,' s going ' s going really good
,2,museum open next friday
,1,would like hear environment
i want to buy two tickets for the exhibition about plants,0,nan
,1,exhibition space
i want to buy tickets for the sustainable building exhibition,0,nan
,1,like discus forest
,3,case maybe know
,2,see antarctic base week
,1,want learn forest exhibition recommend
,3,n ' t know unless knew somewhere really mean really great
can i get two tickets please,0,nan
,3,' s ' ve seen ' ve seen probably
,1,think science fascinating
,3,front treadmill
,3,know community oriented
,4,called andreia
,1,would like learn moon
,1,would like hear earthquake
,3,n ' t know little girl n ' t interested lot thing little boy
,2,see sustainable building 21 feb
two tickets for next week,0,nan
,1,show stuff erosion
i want to buy a ticket for 10 Sep,0,nan
,1,love river exhibition go
tickets for the exhibition about physics,0,nan
two tickets on Sunday please,0,nan
,1,architecture passion mine exhibition caixa museum cover
,2,exhibit sun finish
one ticket for this Saturday please,0,nan
,1,would like learn light
,2,flooded forest exhibit start
,1,discussing evolution one favourite thing
,1,interested sun
i would like to go to the flooded forest exhibition on Jul 19,0,nan
,4,call anuja
,3,god ca n ' t imagine
,1,interested physic
,2,exhibition environment
,4,called sokhom
can i get five tickets please,0,nan
,3,also garden shop
,1,think photo fascinating
,3,n ' t know think ' s probably due pricing often
,1,would like learn climate
are there any more tickets for the exhibition on building,0,nan
five tickets for 28 Mar,0,nan
,3,oh ' m midland
,3,many call made system ?
,3,eat lot
,4,salute
,1,like discus ecology
,1,plant fascinates
six tickets for next weekend please,0,nan
,1,like organism
,1,discussing jungle one favourite thing
four tickets for Monday please,0,nan
,1,biodiversity fascinates
,1,know choose
,2,exhibit landscape finish
,3,take whole chain
,4,need help
,1,love think education
,4,gmorning
,2,visiting museum monday part museum see
,2,see antarctic base thursday
,3,think
,4,name tyeshia
,3,trying try stay firm stay old age
three tickets for 09 May,0,nan
,1,like evolution
,1,would like hear flooding
,1,related rock
,1,love photographer
,1,show stuff moon
,1,big bang fascinates
,3,right e - even know company policy immediate termination whatever still replace
,4,called jane
,2,see geological wall 06 sep
,3,oh well old dog ?
,1,interested flooding
,2,see universe room jan 01
three tickets for this week,0,nan
i want to buy tickets,0,nan
two tickets for 08 Dec please,0,nan
,4,nice see
,1,space fascinates
,4,say hello
four tickets,0,nan
,2,see sustainable building 28 nov
,3,n ' t last two year last year set twin
,2,see flooded forest feb 22
,1,love ecosystem exhibition go
,2,saturday
,2,see flooded forest 30 jul
five tickets for Mar 03,0,nan
,1,interesting photo work
six tickets for 17 Sep,0,nan
,2,see flooded forest wednesday
,2,see sustainable building monday
,1,discussing plant one favourite thing
,3,make sure ' s ' s friendly animal
,3,must stronger heavier copper time
,1,would like hear photo
,1,love think brazil
six tickets for Feb 05,0,nan
,1,exhibition exploration
,2,visiting museum 24 aug part museum see
,3,' s cold water around
,1,think exploration fascinating
,3,okay foreign country
,1,want learn erosion exhibition recommend
i would like to go to the geological wall exhibition on Apr 16,0,nan
,1,want learn organism exhibition recommend
,1,interesting earth work
,3,get unto kind
,1,would like hear landscape
,3,mean thing really gone sight last guess last ten year
,1,think physic fascinating
,3,shake
,1,mar interesting
,1,love think forest
can i get four tickets please,0,nan
,1,think technology fascinating
,1,love think national geographic
,2,geological wall exhibit start
,1,show stuff light
,2,see geological wall aug 29
one ticket for next Saturday please,0,nan
,1,love life
,1,recommendation exhibition visiting museum
,3,would n ' t believe even raised chicken
i want to buy one ticket for the antarctic base exhibition,0,nan
,1,think rock fascinating
,2,see flooded forest 15 dec
,1,like discus environment
,3,ca n ' t say anything kind make noise
six tickets for the exhibition on rock,0,nan
,1,interesting matter work
,1,interested plant
,1,love climate
,1,want learn amazon exhibition recommend
,1,exhibition amazon
i want to buy a ticket for the antarctic base exhibition,0,nan
,2,visiting museum saturday part museum see
,4,good night
four tickets for next week please,0,nan
,1,exhibition rock
two tickets for Jul 02,0,nan
,2,next weekend
,1,discussing sun one favourite thing
,3,tell consider liberal ?
,1,discussing animal one favourite thing
,3,like pro actually like pro basket ball opposed mumblex watch pro football like n b play - offs
,1,related sun
a ticket for 07 Nov,0,nan
,3,recipe pittsburgh consisted red meat potato
,1,want learn animal exhibition recommend
,1,love building exhibition go
,3,whatever thing
two tickets for 31 Jan please,0,nan
,1,like discus water
,2,see geological wall saturday
i'd like to get two tickets please,0,nan
five tickets on Tuesday please,0,nan
,3,want buy book
,3,want buy clothes
,1,like cosmos
,2,see geological wall jan 21
three tickets for 11 Feb,0,nan
,1,love national geographic
,3,student horrible like eighth grade horrible know get like tenth grade
,3,still benefited
,1,brain interesting
,3,hearing cricket listening bird
,1,related science
,2,exhibition antarctic base
,2,museum open tuesday
four tickets for the exhibition on matter,0,nan
two tickets for next Tuesday please,0,nan
,1,climate interesting
i want to buy tickets for the exhibition on ecology,0,nan
,1,show exhibit nature
,4,thing
,2,museum open nov 19
i'd like five tickets please,0,nan
,2,next thursday
,1,love earth exhibition go
,3,whatever whatever amount n ' t want say three month
,3,would think know american whatever
,1,rock fascinates
,1,river interesting
,4,ask something ?
six tickets for Sep 10,0,nan
,3,little thing end
,2,museum open wednesday
two tickets for next weekend please,0,nan
four tickets for the caixa museum please,0,nan
,2,28 jun
,3,experiment chicken whose artery similar
,2,visiting museum 25 oct part museum see
,4,called dimitrios
,3,people guess make sense said within border feel freer
